Zone_Type,Time_of_Day,Day_of_Week,Noise_Source,Population_Density,Nearby_Roads,Green_Cover_%,Noise_dB,Noise_Complaints
Commercial,Afternoon,Sunday,Factory,1605,3,14.27,79.02,6
Silent,Evening,Thursday,People,3708,1,36.94,40.52,0
Residential,Morning,Saturday,Construction,10356,2,44.29,74.56,11
Commercial,Morning,Wednesday,Factory,4028,2,55.42,74.87,6
Commercial,Morning,Sunday,Traffic,1081,4,43.8,76.54,10
Silent,Morning,Friday,Factory,6465,5,41.95,52.12,4
Residential,Night,Monday,Nature,6710,2,26.69,50.06,5
Residential,Morning,Sunday,Traffic,7574,2,5.07,64.44,2
Commercial,Night,Friday,People,5941,4,11.61,71.01,9
Industrial,Night,Saturday,Construction,6691,0,34.4,89.47,13
Commercial,Morning,Saturday,Factory,8680,3,42.13,85.35,12
Commercial,Morning,Monday,Traffic,3509,0,27.96,76.57,7
Commercial,Afternoon,Tuesday,Nature,3112,2,45.19,60.4,6
Commercial,Evening,Monday,Traffic,2810,2,33.7,83.0,10
Silent,Morning,Thursday,Nature,4468,1,9.08,41.54,1
Residential,Afternoon,Sunday,People,7866,4,15.56,64.23,9
Silent,Afternoon,Wednesday,Construction,6056,5,51.2,59.99,2
Silent,Evening,Tuesday,People,5977,1,44.87,44.94,3
Silent,Night,Monday,Factory,1361,4,54.21,59.2,6
Commercial,Morning,Friday,Traffic,3613,0,11.47,75.03,6
Industrial,Evening,Tuesday,Nature,1328,6,59.46,80.56,6
Residential,Morning,Sunday,Nature,7342,5,16.52,62.37,5
Industrial,Afternoon,Tuesday,Traffic,8171,1,5.65,84.45,9
Silent,Afternoon,Sunday,Traffic,6559,5,59.86,37.23,1
Silent,Night,Monday,Factory,3026,1,20.46,50.24,3
Industrial,Afternoon,Sunday,People,7964,4,41.74,91.06,14
Industrial,Afternoon,Tuesday,Nature,4493,2,14.72,71.59,6
Industrial,Evening,Friday,Factory,2571,1,36.91,94.13,15
Silent,Morning,Saturday,People,3071,3,54.72,46.17,1
Silent,Morning,Tuesday,Factory,4139,3,22.61,47.05,1
Residential,Evening,Sunday,Nature,5099,6,41.86,60.39,10
Residential,Night,Saturday,Traffic,4677,0,15.33,58.88,6
Silent,Morning,Sunday,Traffic,2174,3,39.36,53.65,5
Industrial,Afternoon,Friday,People,7426,5,23.5,73.5,8
Industrial,Morning,Sunday,Construction,4698,1,16.62,93.92,14
Residential,Afternoon,Monday,People,3572,3,22.23,62.96,4
Silent,Night,Wednesday,Construction,7220,4,14.84,56.75,4
Residential,Evening,Tuesday,Factory,2633,2,54.61,70.16,7
Residential,Morning,Wednesday,Factory,1742,3,26.85,70.05,4
Commercial,Evening,Sunday,Nature,7544,7,18.49,53.32,4
Commercial,Morning,Friday,Construction,8782,1,29.66,79.38,11
Commercial,Afternoon,Tuesday,Nature,4075,3,22.63,65.57,1
Industrial,Evening,Sunday,Traffic,4908,3,45.94,82.89,8
Silent,Morning,Saturday,Construction,2706,1,58.42,61.53,3
Silent,Afternoon,Thursday,People,5010,1,29.09,50.59,4
Silent,Evening,Sunday,Traffic,4048,2,52.36,53.99,5
Silent,Evening,Wednesday,Traffic,4795,2,36.12,43.89,1
Commercial,Morning,Tuesday,People,5818,6,13.65,64.51,2
Industrial,Morning,Wednesday,Traffic,2803,1,42.98,89.69,12
Industrial,Morning,Tuesday,Construction,4276,3,33.24,95.77,10
Commercial,Afternoon,Sunday,Nature,1392,3,40.78,71.25,6
Industrial,Morning,Monday,Traffic,4290,4,53.93,82.46,12
Commercial,Evening,Saturday,Construction,4813,2,29.22,92.84,16
Silent,Evening,Sunday,Factory,5457,3,54.56,54.86,3
Commercial,Morning,Wednesday,Construction,5479,4,46.29,74.8,14
Silent,Morning,Thursday,Nature,6807,2,31.87,34.26,0
Silent,Night,Thursday,Construction,1920,3,38.18,59.31,1
Residential,Evening,Friday,People,2027,2,22.91,49.48,5
Commercial,Afternoon,Tuesday,Nature,6057,4,59.1,51.63,6
Residential,Night,Wednesday,Factory,922,1,41.7,61.19,3
Commercial,Morning,Friday,People,5366,3,7.41,71.3,16
Commercial,Morning,Wednesday,Construction,2639,5,22.96,82.58,7
Residential,Evening,Tuesday,Nature,8145,2,39.28,48.9,1
Residential,Morning,Sunday,Factory,5500,4,8.1,69.07,14
Commercial,Afternoon,Sunday,People,4561,2,6.31,64.88,3
Industrial,Evening,Thursday,Factory,7455,1,29.75,87.72,7
Silent,Morning,Sunday,Construction,2873,3,23.3,50.9,5
Residential,Evening,Sunday,Factory,3253,4,29.11,73.94,6
Silent,Morning,Monday,Traffic,2477,7,19.45,60.46,2
Industrial,Morning,Thursday,People,3269,4,14.06,68.37,5
Industrial,Morning,Friday,Factory,5122,6,42.9,89.65,11
Industrial,Afternoon,Saturday,Construction,5987,4,33.3,94.98,10
Residential,Afternoon,Monday,Construction,6922,1,16.01,72.13,13
Industrial,Evening,Friday,Factory,1350,1,22.58,95.01,9
Residential,Morning,Tuesday,Construction,4656,7,37.55,70.67,10
Industrial,Morning,Monday,Nature,2783,4,8.97,71.56,6
Silent,Afternoon,Friday,Nature,4589,3,13.11,47.9,5
Silent,Morning,Tuesday,Nature,9668,3,9.03,36.44,2
Commercial,Afternoon,Thursday,Traffic,5583,3,49.68,81.83,10
Silent,Morning,Saturday,Factory,6798,3,46.38,55.51,7
Commercial,Evening,Tuesday,Traffic,8921,1,46.43,72.23,8
Silent,Morning,Sunday,Construction,7254,1,44.4,58.4,2
Residential,Morning,Wednesday,Traffic,4104,3,41.82,64.96,7
Silent,Night,Tuesday,Construction,2448,0,31.23,52.37,4
Commercial,Afternoon,Tuesday,Construction,4939,3,40.33,78.68,9
Commercial,Morning,Saturday,People,3864,3,7.11,69.88,10
Industrial,Morning,Wednesday,Nature,1950,0,39.18,73.47,7
Residential,Night,Sunday,Construction,5481,2,47.78,82.13,13
Silent,Night,Friday,People,5531,1,32.52,42.58,1
Industrial,Afternoon,Friday,Nature,8538,2,24.66,72.31,8
Silent,Night,Tuesday,Construction,4276,4,20.26,51.86,1
Silent,Evening,Wednesday,Construction,5560,4,40.35,65.3,10
Industrial,Night,Wednesday,Traffic,3669,1,43.1,76.39,9
Industrial,Evening,Sunday,Traffic,6746,3,52.9,86.99,10
Industrial,Afternoon,Saturday,Nature,4750,3,23.83,69.6,11
Industrial,Afternoon,Thursday,Construction,2654,2,47.34,92.4,10
Industrial,Afternoon,Friday,Factory,4973,2,35.87,86.5,8
Silent,Afternoon,Saturday,Traffic,5781,3,53.56,41.49,1
Industrial,Afternoon,Monday,Nature,5510,2,34.03,65.76,7
Residential,Evening,Friday,Construction,7091,3,33.47,77.18,5
Commercial,Evening,Saturday,Construction,2103,2,36.78,83.06,8
Industrial,Afternoon,Friday,Factory,3314,1,46.21,88.46,17
Industrial,Night,Thursday,Nature,6279,0,58.06,74.22,7
Silent,Morning,Monday,Construction,3549,3,9.05,62.51,4
Industrial,Afternoon,Thursday,Traffic,5480,4,7.94,81.04,4
Industrial,Night,Sunday,Factory,500,4,56.57,104.3,21
Industrial,Morning,Monday,Nature,10431,3,34.14,71.7,10
Silent,Afternoon,Tuesday,Factory,4460,3,38.82,55.64,4
Industrial,Afternoon,Saturday,Traffic,7387,6,31.53,82.43,7
Commercial,Evening,Monday,Nature,4326,4,10.15,64.76,6
Silent,Morning,Sunday,Factory,5829,4,47.24,53.06,3
Commercial,Morning,Sunday,People,7983,5,46.1,63.64,8
Silent,Night,Thursday,Traffic,7331,1,22.14,56.47,4
Industrial,Evening,Friday,Traffic,4591,4,21.84,83.15,16
Commercial,Evening,Monday,Traffic,4729,2,51.08,69.18,9
Silent,Evening,Saturday,People,7007,4,8.98,43.03,2
Residential,Evening,Monday,People,9666,5,53.46,66.25,4
Industrial,Morning,Wednesday,Construction,5384,2,19.12,100.11,15
Silent,Morning,Friday,Factory,8914,4,37.61,57.87,6
Residential,Afternoon,Saturday,Construction,4517,1,56.48,66.75,8
Silent,Afternoon,Saturday,Factory,6903,2,42.3,57.75,2
Residential,Evening,Tuesday,People,7202,4,27.79,59.1,4
Industrial,Evening,Thursday,People,4180,1,42.92,80.45,10
Commercial,Evening,Tuesday,Construction,3505,1,23.92,91.05,11
Residential,Afternoon,Saturday,Nature,7290,0,20.25,55.51,10
Silent,Night,Friday,Construction,3936,3,59.82,63.76,6
Industrial,Night,Monday,Factory,3211,3,46.29,80.08,6
Residential,Afternoon,Monday,Construction,3632,4,40.46,72.77,7
Silent,Afternoon,Friday,Traffic,3928,2,24.54,46.08,1
Silent,Afternoon,Saturday,Factory,6713,3,7.7,56.56,4
Silent,Afternoon,Sunday,Factory,6030,6,6.71,57.95,5
Residential,Afternoon,Monday,Nature,6431,2,35.48,46.49,4
Residential,Afternoon,Sunday,People,5842,2,46.91,58.66,4
Residential,Evening,Monday,Factory,3812,2,34.56,79.78,10
Commercial,Evening,Monday,People,6394,4,51.24,64.98,9
Residential,Evening,Thursday,Construction,7364,1,6.84,69.03,7
Residential,Evening,Thursday,Traffic,6169,4,25.17,58.84,5
Residential,Afternoon,Wednesday,Nature,5899,3,18.04,47.23,1
Commercial,Night,Tuesday,People,3465,3,29.6,67.69,7
Residential,Morning,Friday,Factory,5423,5,8.98,76.23,12
Silent,Afternoon,Friday,People,3359,3,57.48,34.01,0
Residential,Morning,Friday,Factory,4951,1,17.28,63.59,12
Silent,Night,Wednesday,People,1719,1,55.73,44.76,2
Silent,Evening,Thursday,Factory,1734,3,28.42,56.05,4
Silent,Night,Saturday,Construction,4617,5,59.2,68.46,5
Commercial,Afternoon,Sunday,Factory,3903,4,35.47,89.73,8
Commercial,Evening,Sunday,Factory,5213,2,56.2,72.0,9
Commercial,Afternoon,Saturday,Traffic,4730,7,5.29,63.46,5
Residential,Evening,Wednesday,Factory,5060,0,46.15,68.12,7
Silent,Morning,Saturday,Traffic,6217,4,54.67,44.63,5
Commercial,Morning,Friday,Nature,4073,2,12.68,54.04,3
Commercial,Morning,Tuesday,Traffic,4561,3,10.29,77.08,7
Residential,Night,Monday,Construction,7910,1,28.35,78.15,5
Commercial,Afternoon,Sunday,Traffic,5006,3,56.35,70.81,2
Residential,Night,Thursday,Nature,4641,1,34.83,49.88,3
Industrial,Morning,Thursday,Construction,5165,3,34.01,93.19,10
Commercial,Afternoon,Wednesday,People,4677,6,12.76,65.94,9
Industrial,Morning,Thursday,People,3580,3,5.04,80.71,6
Residential,Night,Friday,Traffic,3003,2,49.56,61.61,9
Silent,Night,Sunday,Traffic,3473,1,9.82,44.8,3
Commercial,Night,Saturday,Nature,6745,4,39.86,58.0,3
Residential,Morning,Friday,Nature,3740,4,55.3,49.97,1
Silent,Afternoon,Wednesday,Factory,4690,3,16.48,58.38,2
Silent,Afternoon,Friday,Nature,6401,1,41.59,45.21,3
Industrial,Morning,Saturday,Factory,4443,4,9.33,90.86,7
Residential,Afternoon,Tuesday,Construction,6266,2,38.21,79.98,9
Silent,Morning,Wednesday,Traffic,1918,4,14.02,46.67,3
Commercial,Afternoon,Tuesday,Construction,4734,1,45.48,78.1,7
Commercial,Evening,Monday,Nature,5157,5,21.57,55.36,7
Industrial,Evening,Tuesday,Construction,5046,3,30.49,93.45,14
Silent,Night,Monday,Construction,1694,1,37.97,61.96,2
Residential,Evening,Monday,Construction,7406,2,14.42,68.74,8
Commercial,Evening,Tuesday,Nature,3290,1,45.79,62.96,3
Silent,Evening,Wednesday,Construction,5670,5,21.65,59.41,6
Silent,Morning,Saturday,Factory,5015,1,41.43,60.67,5
Industrial,Evening,Friday,Nature,7007,3,13.71,66.38,3
Commercial,Evening,Friday,Construction,9374,2,42.85,82.49,3
Commercial,Night,Saturday,Nature,2419,3,12.05,55.97,4
Residential,Evening,Sunday,People,3702,2,28.39,55.85,7
Commercial,Evening,Sunday,Factory,5378,5,18.6,86.03,11
Residential,Afternoon,Monday,Construction,2789,4,46.16,78.98,4
Commercial,Night,Monday,People,6564,5,19.41,79.53,2
Industrial,Night,Wednesday,People,6686,2,53.49,79.52,10
Commercial,Night,Thursday,Nature,6118,3,54.05,46.26,6
Residential,Night,Tuesday,People,5473,2,15.8,55.95,1
Residential,Night,Monday,Factory,7739,1,38.76,73.15,8
Industrial,Night,Friday,Factory,2688,3,9.82,93.57,10
Commercial,Morning,Wednesday,Traffic,5130,1,26.53,76.52,5
Commercial,Evening,Tuesday,Factory,3522,7,44.23,77.52,7
Industrial,Night,Wednesday,People,6779,6,41.27,86.57,8
Commercial,Evening,Tuesday,Factory,1333,3,39.36,76.83,10
Commercial,Evening,Tuesday,Nature,4943,4,20.54,60.63,8
Residential,Morning,Saturday,Traffic,5670,1,25.79,57.6,1
Commercial,Night,Monday,People,3105,1,10.66,70.1,10
Commercial,Afternoon,Wednesday,Traffic,3747,2,44.55,82.95,9
Industrial,Morning,Wednesday,People,5030,3,32.71,79.3,5
Industrial,Afternoon,Saturday,Nature,6910,3,43.98,69.33,13
Silent,Evening,Friday,Traffic,2934,1,18.69,41.52,0
Residential,Evening,Friday,Construction,3283,4,22.84,73.57,0
Commercial,Morning,Sunday,People,7251,1,23.38,75.75,7
Commercial,Morning,Monday,Construction,4454,3,6.42,81.75,7
Silent,Afternoon,Monday,Traffic,3444,3,23.76,50.41,2
Commercial,Night,Thursday,Construction,6457,1,49.18,92.53,11
Residential,Afternoon,Saturday,Construction,4023,2,54.35,75.43,7
Silent,Morning,Friday,Traffic,7054,4,33.5,54.46,9
Residential,Afternoon,Tuesday,Nature,3672,2,30.05,41.58,1
Silent,Morning,Wednesday,Construction,4680,0,6.7,61.39,1
Silent,Afternoon,Monday,Construction,6889,4,53.36,70.23,5
Industrial,Morning,Wednesday,Nature,4547,0,5.72,73.04,5
Residential,Morning,Wednesday,Construction,6512,2,56.96,65.66,3
Commercial,Morning,Thursday,Construction,4868,5,31.91,79.81,10
Commercial,Night,Friday,Construction,8963,1,23.81,85.79,9
Residential,Afternoon,Monday,Factory,8137,5,55.83,73.05,7
Commercial,Afternoon,Wednesday,Nature,2343,4,6.34,53.34,2
Commercial,Afternoon,Monday,Construction,6044,4,36.98,79.91,6
Residential,Morning,Tuesday,Nature,3367,3,35.19,41.97,1
Silent,Afternoon,Thursday,People,5383,6,17.06,40.87,1
Residential,Afternoon,Tuesday,People,5136,2,28.59,55.74,4
Silent,Morning,Monday,Construction,2889,4,40.87,65.99,4
Commercial,Evening,Sunday,Nature,7116,2,44.99,58.76,5
Commercial,Morning,Monday,Nature,5406,5,5.04,63.45,12
Commercial,Afternoon,Friday,Nature,4430,3,56.53,62.09,4
Industrial,Morning,Wednesday,Factory,4123,3,14.05,90.02,10
Silent,Evening,Wednesday,People,5279,3,17.85,42.04,3
Industrial,Morning,Tuesday,Nature,5815,1,19.49,71.85,10
Industrial,Afternoon,Thursday,Nature,4750,3,7.08,68.77,8
Residential,Evening,Sunday,Factory,500,6,11.77,68.48,6
Industrial,Night,Saturday,Factory,5033,3,59.25,90.03,11
Residential,Afternoon,Wednesday,Nature,2117,1,22.34,47.85,1
Residential,Evening,Friday,Traffic,4581,3,11.34,67.94,12
Industrial,Evening,Tuesday,Nature,2190,3,10.88,69.15,6
Silent,Night,Tuesday,Nature,2167,2,44.57,33.62,0
Silent,Morning,Saturday,Factory,7470,3,52.0,49.23,2
Silent,Morning,Friday,Factory,4359,0,19.13,64.72,3
Silent,Afternoon,Thursday,Nature,4206,8,6.15,32.6,0
Silent,Night,Friday,Nature,5965,1,17.27,32.85,0
Industrial,Morning,Thursday,Nature,4258,1,8.11,67.06,6
Industrial,Night,Friday,Factory,9207,3,10.69,97.77,16
Commercial,Morning,Friday,Nature,4453,2,28.73,56.55,7
Silent,Evening,Monday,Nature,5730,2,17.65,31.09,0
Industrial,Morning,Tuesday,Construction,6941,3,33.38,97.59,9
Commercial,Night,Friday,Traffic,8204,4,18.94,74.53,13
Silent,Evening,Saturday,People,3515,3,56.73,47.56,4
Residential,Evening,Friday,Traffic,4164,7,54.83,78.86,6
Commercial,Evening,Wednesday,Construction,7549,3,36.17,86.5,12
Industrial,Night,Tuesday,People,6620,3,24.49,81.32,8
Residential,Afternoon,Wednesday,Nature,7150,3,25.96,48.41,1
Residential,Afternoon,Tuesday,Construction,2262,5,27.65,85.55,6
Residential,Afternoon,Wednesday,Nature,8095,5,45.02,59.7,3
Commercial,Night,Friday,Factory,3477,4,29.84,87.26,11
Industrial,Evening,Friday,Construction,5384,4,52.12,100.27,10
Residential,Afternoon,Monday,Factory,4703,2,56.93,70.83,9
Silent,Night,Saturday,Construction,3243,6,23.48,61.96,4
Residential,Afternoon,Wednesday,Construction,2174,3,35.84,72.82,8
Residential,Morning,Thursday,Factory,1512,2,10.23,66.37,7
Commercial,Afternoon,Monday,People,5238,6,16.03,62.56,5
Commercial,Afternoon,Wednesday,Traffic,1949,4,27.74,77.05,4
Industrial,Evening,Wednesday,Nature,2732,3,16.34,65.11,8
Silent,Night,Monday,Construction,4563,3,53.21,59.5,3
Commercial,Evening,Friday,Nature,500,6,13.71,59.69,1
Residential,Evening,Wednesday,Factory,6557,4,30.06,72.98,9
Industrial,Evening,Friday,Nature,500,2,38.31,65.11,7
Residential,Evening,Monday,Factory,4845,1,43.05,75.57,5
Residential,Evening,Friday,Nature,5030,3,26.07,54.7,3
Commercial,Afternoon,Tuesday,Traffic,6076,4,52.8,71.64,12
Industrial,Evening,Thursday,Traffic,4916,5,36.26,90.61,14
Silent,Evening,Sunday,Traffic,9035,6,29.17,50.58,1
Silent,Night,Wednesday,Traffic,5432,2,8.7,50.51,3
Commercial,Morning,Saturday,Traffic,7107,4,30.56,75.6,12
Commercial,Afternoon,Thursday,Traffic,3553,4,50.14,74.98,4
Industrial,Afternoon,Sunday,Factory,5241,0,38.8,89.92,10
Silent,Afternoon,Friday,Construction,8095,4,50.77,53.8,6
Silent,Evening,Wednesday,Nature,4524,5,32.17,29.24,0
Silent,Evening,Friday,Traffic,5384,2,11.52,50.69,5
Residential,Evening,Tuesday,Factory,6961,5,5.75,71.2,9
Silent,Night,Monday,Factory,3515,4,21.68,59.64,2
Residential,Morning,Wednesday,Factory,676,5,43.39,70.26,8
Industrial,Evening,Sunday,Construction,5511,2,48.46,95.39,18
Residential,Morning,Sunday,Nature,6977,2,21.27,54.96,6
Industrial,Night,Tuesday,Construction,2297,0,32.26,105.09,13
Silent,Afternoon,Tuesday,People,6340,4,28.16,54.3,3
Silent,Evening,Wednesday,Factory,6353,1,27.58,63.7,5
Industrial,Morning,Friday,People,500,2,17.72,84.35,9
Commercial,Morning,Saturday,Traffic,3127,3,12.5,87.43,10
Industrial,Evening,Sunday,Traffic,4208,2,15.82,87.19,9
Commercial,Afternoon,Sunday,Construction,4640,2,8.04,88.63,7
Residential,Afternoon,Tuesday,Nature,3513,1,15.9,59.22,3
Residential,Afternoon,Thursday,People,3405,3,5.51,46.37,2
Residential,Night,Tuesday,Nature,8342,4,39.5,51.93,4
Silent,Morning,Saturday,Construction,4784,6,22.4,66.26,8
Residential,Morning,Friday,Traffic,3609,3,58.52,71.9,11
Commercial,Morning,Friday,Nature,4917,2,15.65,74.83,6
Residential,Night,Thursday,Nature,6074,3,24.02,53.54,7
Industrial,Morning,Sunday,Traffic,5103,1,24.68,80.85,8
Industrial,Night,Tuesday,People,4588,2,5.46,76.34,10
Silent,Afternoon,Friday,Traffic,3699,1,51.16,51.59,3
Industrial,Evening,Saturday,Nature,3675,3,6.76,80.11,6
Commercial,Morning,Wednesday,People,3804,4,56.71,80.17,9
Residential,Morning,Monday,People,5677,2,54.06,57.72,4
Silent,Afternoon,Monday,Traffic,3011,2,34.45,49.27,4
Residential,Evening,Monday,Nature,5786,3,34.9,44.94,1
Residential,Night,Sunday,Construction,7825,2,40.96,70.46,9
Commercial,Evening,Tuesday,Nature,5651,2,26.29,63.23,5
Industrial,Afternoon,Thursday,Factory,4260,3,40.6,98.01,15
Industrial,Afternoon,Friday,Construction,2403,1,7.46,89.51,9
Residential,Evening,Wednesday,People,8156,6,7.97,59.21,5
Silent,Night,Saturday,Construction,2659,2,30.15,61.78,7
Industrial,Night,Wednesday,People,6697,2,35.23,82.32,13
Silent,Morning,Saturday,People,6277,2,53.83,43.06,3
Industrial,Night,Sunday,Construction,4526,4,10.76,85.37,6
Silent,Evening,Tuesday,People,4474,1,50.25,52.02,0
Commercial,Afternoon,Monday,People,1328,2,16.55,70.48,4
Silent,Morning,Tuesday,Factory,5660,4,26.67,54.0,3
Commercial,Morning,Sunday,Nature,6239,3,22.41,60.18,3
Commercial,Afternoon,Thursday,Nature,2821,3,27.01,63.76,4
Silent,Night,Thursday,Factory,4688,3,13.28,60.28,6
Commercial,Afternoon,Sunday,Construction,5075,6,32.7,74.85,14
Residential,Night,Saturday,Traffic,6169,3,49.09,69.78,6
Commercial,Afternoon,Friday,Traffic,5007,3,29.28,65.45,4
Industrial,Evening,Friday,Traffic,1747,1,31.98,86.85,14
Silent,Night,Saturday,Factory,3940,2,51.68,60.59,3
Residential,Evening,Thursday,Factory,5449,4,43.83,61.16,7
Silent,Morning,Thursday,People,6683,3,31.97,44.64,4
Industrial,Afternoon,Thursday,Traffic,3764,3,19.17,88.29,8
Industrial,Morning,Tuesday,Construction,9375,2,53.67,94.75,7
Industrial,Morning,Thursday,Construction,1211,3,36.74,96.37,7
Commercial,Morning,Wednesday,Traffic,3872,1,17.16,61.07,6
Commercial,Morning,Monday,Traffic,4833,2,19.8,82.49,8
Silent,Afternoon,Thursday,Traffic,4598,2,49.17,48.15,4
Silent,Morning,Saturday,Factory,2535,3,7.43,55.71,5
Residential,Afternoon,Monday,Factory,5895,5,59.57,74.92,8
Residential,Afternoon,Tuesday,Factory,5742,3,12.17,76.65,7
Silent,Evening,Saturday,Nature,5095,6,48.78,39.43,1
Commercial,Night,Monday,Construction,5663,2,26.71,91.04,9
Industrial,Night,Saturday,Construction,4152,5,32.07,87.23,4
Silent,Afternoon,Tuesday,People,1765,6,53.44,48.33,1
Residential,Evening,Wednesday,Factory,3566,6,27.71,71.34,9
Commercial,Afternoon,Tuesday,Nature,5314,3,34.56,54.06,5
Silent,Afternoon,Tuesday,Nature,5325,4,7.71,23.36,0
Silent,Afternoon,Saturday,Construction,5082,3,5.13,63.06,8
Commercial,Evening,Sunday,Factory,6097,2,18.46,84.38,10
Silent,Night,Friday,People,3837,5,42.43,49.71,4
Commercial,Evening,Thursday,Factory,5053,4,11.67,87.88,14
Industrial,Morning,Thursday,Traffic,6144,2,11.26,79.14,6
Commercial,Evening,Wednesday,Factory,4830,0,27.6,84.45,10
Commercial,Evening,Wednesday,Traffic,2513,0,40.63,83.98,9
Commercial,Evening,Thursday,Traffic,3077,5,44.16,75.7,9
Silent,Evening,Friday,People,6661,6,14.81,45.14,2
Silent,Night,Thursday,Construction,7784,1,9.38,53.33,1
Commercial,Morning,Sunday,Factory,7350,2,56.72,87.4,7
Silent,Night,Friday,Traffic,5464,5,19.34,42.44,2
Residential,Night,Wednesday,Factory,2593,4,51.93,72.67,8
Residential,Evening,Monday,Construction,4987,3,52.49,74.02,9
Silent,Afternoon,Saturday,Construction,8124,2,47.49,56.46,6
Silent,Afternoon,Sunday,Nature,6236,0,14.29,27.63,0
Commercial,Night,Sunday,Construction,4585,4,50.2,85.92,10
Industrial,Night,Wednesday,People,6257,5,47.31,76.68,8
Silent,Evening,Wednesday,Traffic,2461,2,37.82,52.28,6
Residential,Night,Tuesday,Nature,3608,3,23.55,61.85,4
Commercial,Evening,Sunday,People,2831,7,19.44,71.0,6
Silent,Afternoon,Tuesday,Factory,5939,5,11.7,66.99,1
Residential,Afternoon,Tuesday,Traffic,6428,3,33.04,62.09,6
Residential,Morning,Saturday,Construction,4692,1,37.19,70.6,5
Industrial,Afternoon,Tuesday,Traffic,3254,3,24.76,81.86,8
Commercial,Night,Friday,Factory,4960,4,31.14,82.67,10
Commercial,Afternoon,Thursday,Nature,4026,1,24.99,71.61,8
Industrial,Evening,Monday,Nature,3407,3,40.26,61.69,6
Industrial,Afternoon,Wednesday,Nature,5677,3,54.57,71.1,8
Commercial,Morning,Friday,Construction,3484,4,14.02,83.5,11
Commercial,Afternoon,Monday,People,1867,1,25.98,66.88,8
Silent,Evening,Sunday,People,2311,2,12.75,38.71,0
Silent,Evening,Sunday,Traffic,1793,3,39.37,52.4,3
Industrial,Night,Sunday,Construction,5495,2,45.09,92.78,16
Silent,Afternoon,Friday,Nature,5300,1,56.26,40.44,0
Residential,Evening,Friday,Nature,5201,1,20.34,52.88,10
Silent,Morning,Wednesday,Factory,6175,3,57.26,43.34,3
Silent,Night,Thursday,Factory,7383,0,8.48,62.48,4
Residential,Morning,Tuesday,Nature,3815,3,38.17,39.93,1
Industrial,Afternoon,Sunday,Nature,5812,1,8.14,62.65,8
Residential,Afternoon,Saturday,Construction,1840,1,54.16,70.41,5
Silent,Afternoon,Thursday,People,7757,7,34.14,42.48,2
Industrial,Night,Saturday,Factory,2510,3,41.81,96.98,15
Silent,Evening,Wednesday,People,3579,2,50.74,42.14,0
Residential,Night,Wednesday,Construction,3804,4,13.27,84.24,12
Residential,Morning,Wednesday,Nature,1947,4,7.12,47.16,1
Silent,Night,Monday,People,5065,0,53.34,44.59,0
Commercial,Morning,Saturday,Nature,5427,3,22.32,64.37,3
Commercial,Night,Thursday,Nature,4621,3,12.09,66.48,10
Residential,Evening,Thursday,Traffic,1919,7,30.77,64.68,2
Residential,Morning,Friday,People,8966,3,37.91,58.11,4
Commercial,Afternoon,Friday,People,6098,2,6.7,68.51,4
Commercial,Afternoon,Sunday,Nature,10268,4,20.12,53.74,3
Silent,Night,Friday,Construction,3389,2,6.8,61.58,5
Silent,Afternoon,Wednesday,Traffic,6915,2,28.12,48.08,1
Commercial,Morning,Thursday,Nature,6558,3,54.23,60.9,2
Silent,Afternoon,Saturday,Factory,4418,0,59.05,57.46,5
Silent,Evening,Wednesday,Factory,7822,0,40.04,61.68,13
Industrial,Evening,Monday,Traffic,4189,3,13.89,85.35,2
Silent,Night,Friday,Construction,4278,4,54.82,60.19,3
Residential,Morning,Wednesday,Nature,500,6,33.39,48.29,1
Silent,Evening,Wednesday,People,5818,4,13.46,48.62,0
Silent,Evening,Monday,Traffic,2348,2,55.69,39.13,0
Commercial,Morning,Tuesday,Construction,3898,2,46.66,79.42,15
Residential,Afternoon,Thursday,People,2947,8,45.24,54.53,2
Silent,Afternoon,Saturday,Factory,4267,4,44.0,55.05,2
Silent,Night,Sunday,Factory,5887,3,16.02,59.64,6
Industrial,Afternoon,Tuesday,People,5022,1,16.61,80.51,16
Silent,Morning,Friday,Traffic,6419,2,42.86,35.61,0
Silent,Evening,Wednesday,Factory,7531,1,17.08,48.74,2
Industrial,Afternoon,Monday,Nature,4262,3,29.13,68.81,6
Commercial,Night,Monday,People,4042,4,48.01,69.49,4
Silent,Afternoon,Thursday,People,6915,0,48.12,45.03,2
Industrial,Morning,Tuesday,Factory,7074,2,29.93,85.65,8
Residential,Night,Sunday,Traffic,6481,5,48.57,75.66,10
Commercial,Afternoon,Thursday,Nature,3095,5,51.12,46.53,2
Residential,Night,Wednesday,Traffic,5845,3,41.01,69.51,5
Residential,Morning,Thursday,Construction,5218,1,17.56,77.14,4
Industrial,Evening,Saturday,Construction,7105,3,20.07,98.51,15
Silent,Morning,Monday,Factory,3854,2,22.32,56.94,7
Industrial,Morning,Monday,Factory,1666,5,11.42,94.66,16
Industrial,Morning,Friday,Factory,6380,1,20.02,88.98,19
Industrial,Morning,Friday,Construction,500,3,16.52,87.49,9
Industrial,Evening,Sunday,Traffic,3536,3,30.04,72.83,1
Commercial,Evening,Wednesday,Traffic,2953,4,54.96,75.19,3
Silent,Night,Saturday,Factory,2940,2,10.75,54.11,4
Residential,Afternoon,Tuesday,Nature,3501,2,44.61,55.81,2
Residential,Evening,Thursday,Traffic,7434,1,42.8,65.56,8
Silent,Evening,Sunday,Construction,6641,0,10.27,52.85,5
Residential,Afternoon,Wednesday,People,4496,2,55.74,54.06,1
Silent,Evening,Friday,People,7267,2,36.27,56.94,8
Residential,Morning,Thursday,People,2875,1,25.0,61.89,6
Industrial,Morning,Friday,Nature,2603,5,46.61,64.09,1
Residential,Afternoon,Thursday,Factory,6727,7,19.16,68.62,10
Silent,Night,Tuesday,Construction,6159,2,43.14,67.48,4
Silent,Night,Wednesday,Nature,4079,2,7.18,33.05,0
Silent,Afternoon,Thursday,Construction,2729,2,51.17,65.44,9
Silent,Afternoon,Saturday,Construction,7919,1,29.65,63.93,2
Silent,Morning,Sunday,Factory,1559,2,40.02,47.54,2
Commercial,Night,Monday,People,3803,2,17.17,64.81,7
Commercial,Evening,Saturday,Factory,5457,5,42.24,83.31,11
Residential,Morning,Saturday,Nature,8604,0,47.47,44.5,1
Silent,Afternoon,Sunday,Nature,5766,3,31.03,37.07,0
Residential,Night,Monday,Nature,5960,2,38.97,49.21,1
Silent,Evening,Saturday,Factory,3861,5,30.1,52.77,3
Silent,Evening,Thursday,Construction,6136,3,54.18,55.16,3
Commercial,Morning,Thursday,Construction,5210,5,32.38,88.18,15
Commercial,Night,Thursday,Traffic,1823,6,51.3,78.01,10
Industrial,Night,Monday,Nature,6585,3,49.07,70.49,9
Commercial,Afternoon,Saturday,Construction,6940,5,27.58,99.54,14
Industrial,Night,Monday,Traffic,6606,2,17.65,91.7,10
Industrial,Night,Thursday,Construction,5066,0,27.33,83.09,14
Industrial,Morning,Sunday,Nature,3087,6,50.44,67.78,5
Industrial,Night,Saturday,People,500,5,17.52,95.13,11
Industrial,Evening,Saturday,Nature,5314,3,33.84,65.13,6
Residential,Morning,Friday,Factory,7163,6,49.34,78.44,11
Commercial,Morning,Friday,Construction,6991,3,24.44,84.87,9
Industrial,Afternoon,Tuesday,Construction,6632,1,40.32,95.83,16
Silent,Night,Wednesday,Factory,4851,0,18.51,57.32,5
Commercial,Afternoon,Friday,Factory,7174,2,11.01,77.55,8
Commercial,Evening,Monday,People,6848,2,48.69,72.47,9
Industrial,Morning,Friday,Construction,4154,4,10.44,100.87,13
Residential,Morning,Tuesday,Construction,6353,5,19.93,76.79,9
Industrial,Morning,Saturday,People,3928,1,52.03,80.71,8
Residential,Evening,Tuesday,Traffic,6080,4,24.06,75.37,4
Silent,Evening,Saturday,People,2401,3,58.52,49.38,2
Commercial,Afternoon,Sunday,Nature,2555,2,58.89,58.33,1
Silent,Afternoon,Sunday,Construction,7116,3,19.76,71.9,10
Residential,Afternoon,Saturday,Factory,6875,2,7.25,71.21,4
Residential,Night,Wednesday,Nature,6267,3,43.78,51.93,5
Silent,Morning,Friday,Construction,5175,5,29.8,51.9,6
Residential,Morning,Monday,People,500,2,10.54,51.11,1
Silent,Afternoon,Monday,Nature,4850,5,43.91,45.5,3
Commercial,Morning,Thursday,Construction,5908,1,6.71,95.7,21
Silent,Afternoon,Saturday,Traffic,3930,0,52.86,52.43,7
Commercial,Night,Monday,Traffic,3575,4,12.63,64.15,8
Silent,Night,Wednesday,Factory,7888,6,12.0,51.57,2
Residential,Evening,Saturday,Construction,4879,4,14.66,68.88,7
Silent,Night,Wednesday,Traffic,5909,3,57.81,41.7,3
Residential,Afternoon,Monday,People,6548,5,43.12,70.13,6
Silent,Night,Monday,Construction,2997,2,49.08,70.3,5
Silent,Evening,Thursday,People,5386,2,26.87,41.4,1
Industrial,Morning,Monday,People,7639,2,23.5,81.96,13
Residential,Afternoon,Saturday,Traffic,8638,4,17.9,56.58,4
Industrial,Morning,Sunday,Construction,5079,3,31.44,94.92,5
Residential,Evening,Saturday,Nature,4524,5,35.35,60.2,9
Industrial,Evening,Saturday,Traffic,5538,2,39.75,88.39,11
Commercial,Evening,Thursday,Traffic,5487,2,19.14,81.04,10
Silent,Morning,Thursday,Construction,7773,3,57.18,57.03,4
Residential,Morning,Monday,Construction,3007,3,14.34,79.31,9
Residential,Morning,Tuesday,People,4440,4,58.11,61.23,6
Silent,Morning,Tuesday,Construction,2765,1,5.82,64.02,6
Residential,Evening,Thursday,People,2975,0,31.46,57.42,3
Residential,Evening,Monday,Traffic,5753,1,23.34,66.59,9
Industrial,Afternoon,Tuesday,Factory,6619,4,29.7,91.44,12
Residential,Afternoon,Monday,Nature,3701,3,36.39,45.29,2
Commercial,Morning,Monday,Traffic,6544,4,28.96,69.13,6
Commercial,Night,Monday,Construction,7223,1,27.82,80.02,3
Silent,Night,Friday,Nature,8869,5,45.3,30.34,0
Residential,Evening,Saturday,Factory,5139,3,42.72,71.06,8
Silent,Evening,Monday,Factory,3720,4,50.83,51.24,2
Commercial,Evening,Friday,People,2995,4,18.75,66.9,3
Residential,Afternoon,Thursday,Nature,2796,4,38.52,44.53,2
Residential,Afternoon,Tuesday,People,7499,1,37.19,59.46,5
Silent,Evening,Saturday,Traffic,1969,4,25.34,54.89,3
Commercial,Evening,Sunday,Nature,7435,3,31.73,61.95,4
Residential,Evening,Tuesday,Traffic,3263,2,22.26,62.62,3
Silent,Night,Saturday,People,3629,5,12.8,42.33,2
Commercial,Afternoon,Sunday,Nature,4696,4,16.76,58.88,3
Silent,Night,Tuesday,People,3592,3,10.8,53.95,6
Industrial,Night,Saturday,Nature,6863,4,42.57,73.19,10
Residential,Evening,Tuesday,People,8626,4,41.34,62.84,6
Industrial,Evening,Tuesday,Factory,3685,3,57.28,96.68,15
Commercial,Morning,Sunday,People,4135,1,45.13,72.18,9
Industrial,Morning,Tuesday,Factory,4673,2,7.86,94.01,6
Industrial,Night,Tuesday,People,6082,0,53.63,83.22,17
Commercial,Afternoon,Sunday,Nature,4693,4,52.45,57.92,3
Silent,Evening,Thursday,Nature,7774,1,29.38,37.42,1
Industrial,Evening,Monday,Nature,7293,5,37.22,71.08,7
Silent,Night,Wednesday,Construction,2629,1,58.68,61.17,5
Industrial,Morning,Friday,Traffic,6041,4,34.28,83.5,7
Silent,Afternoon,Wednesday,Nature,8040,1,54.79,47.53,3
Commercial,Morning,Wednesday,Factory,4010,6,9.57,75.95,11
Industrial,Morning,Saturday,Nature,4411,4,15.51,75.77,8
Commercial,Morning,Monday,Construction,3943,1,29.24,84.79,8
Industrial,Morning,Saturday,Factory,3985,3,37.16,88.01,7
Commercial,Evening,Monday,Construction,1663,3,49.89,78.94,5
Commercial,Evening,Sunday,Factory,2343,4,59.35,83.1,8
Industrial,Morning,Sunday,People,5154,2,26.39,83.26,13
Industrial,Afternoon,Monday,Traffic,8027,4,7.61,89.17,8
Industrial,Night,Tuesday,Traffic,3773,3,49.06,85.85,14
Residential,Afternoon,Thursday,Construction,3714,3,38.24,75.38,7
Silent,Afternoon,Tuesday,Traffic,8403,2,15.92,51.67,1
Residential,Afternoon,Thursday,Construction,2783,4,32.22,75.17,7
Residential,Morning,Saturday,Construction,1677,3,45.83,66.97,5
Commercial,Evening,Thursday,Construction,3342,1,47.37,89.36,10
Industrial,Afternoon,Saturday,Traffic,3674,1,32.48,99.13,11
Silent,Morning,Sunday,Construction,1505,2,21.79,60.4,8
Commercial,Afternoon,Wednesday,Traffic,4743,2,58.56,73.6,6
Residential,Afternoon,Sunday,Construction,6896,1,41.48,72.19,6
Industrial,Morning,Sunday,Nature,2428,6,27.45,73.54,7
Commercial,Evening,Wednesday,Construction,5175,2,20.43,85.71,8
Industrial,Evening,Thursday,Factory,5791,5,45.21,92.34,11
Commercial,Night,Thursday,Construction,4833,7,18.32,86.13,8
Industrial,Morning,Saturday,People,5371,5,14.44,88.57,15
Residential,Night,Tuesday,Construction,5394,4,34.14,81.43,9
Silent,Night,Saturday,Factory,3374,3,20.95,56.35,2
Residential,Night,Tuesday,Factory,7997,4,39.59,72.59,11
Silent,Evening,Sunday,Traffic,7495,1,11.49,47.89,5
Industrial,Morning,Wednesday,Nature,7379,2,41.02,67.96,5
Commercial,Night,Sunday,Construction,7027,4,20.58,78.26,10
Residential,Morning,Monday,Traffic,1850,1,5.01,59.56,3
Silent,Morning,Thursday,Nature,6852,4,11.98,41.25,0
Residential,Evening,Tuesday,Construction,6311,6,56.35,82.45,12
Silent,Night,Saturday,People,1926,3,52.7,52.36,1
Residential,Night,Wednesday,Construction,4570,1,17.85,77.65,13
Silent,Morning,Tuesday,Factory,5553,2,47.81,64.46,6
Silent,Afternoon,Saturday,Factory,8328,4,38.47,54.89,11
Industrial,Evening,Thursday,People,6449,3,58.4,82.31,4
Silent,Evening,Sunday,Traffic,3270,1,25.55,45.06,2
Industrial,Evening,Thursday,Nature,8390,7,42.48,66.85,4
Silent,Evening,Friday,Construction,5087,2,8.49,59.22,2
Commercial,Night,Monday,Factory,4488,5,26.79,77.67,9
Commercial,Night,Friday,Traffic,4345,6,58.01,68.37,12
Commercial,Afternoon,Wednesday,People,1752,1,34.64,71.52,4
Silent,Evening,Tuesday,Factory,4780,0,20.83,60.14,5
Industrial,Evening,Wednesday,People,5994,2,11.61,78.28,3
Industrial,Morning,Sunday,Construction,4229,3,43.69,91.26,10
Silent,Night,Saturday,Nature,5840,5,40.47,34.16,0
Commercial,Evening,Thursday,Factory,3271,0,25.57,82.48,7
Commercial,Afternoon,Friday,Factory,4718,0,57.3,75.02,5
Industrial,Afternoon,Friday,Construction,5633,3,6.22,92.33,10
Commercial,Night,Sunday,Traffic,5379,4,21.7,71.63,15
Residential,Afternoon,Friday,Nature,1789,3,55.66,61.9,3
Industrial,Afternoon,Sunday,Factory,4121,4,22.65,92.37,18
Commercial,Night,Wednesday,Nature,8354,3,18.87,63.75,5
Industrial,Evening,Thursday,Factory,4015,5,34.38,92.47,8
Residential,Evening,Tuesday,Nature,5031,6,50.31,49.79,3
Industrial,Afternoon,Saturday,People,4826,3,10.67,79.53,17
Industrial,Afternoon,Tuesday,Factory,8136,4,56.87,84.37,8
Industrial,Evening,Wednesday,Nature,7580,1,48.73,67.75,6
Industrial,Night,Saturday,Traffic,6615,3,14.97,82.96,7
Residential,Afternoon,Friday,People,3053,3,44.16,52.42,3
Silent,Morning,Monday,People,5718,2,26.17,57.43,2
Industrial,Night,Wednesday,Traffic,6135,4,27.13,88.39,10
Industrial,Afternoon,Wednesday,Nature,3602,3,48.08,77.33,7
Commercial,Afternoon,Thursday,Construction,3258,5,57.95,79.03,9
Industrial,Morning,Tuesday,Traffic,8410,3,11.97,80.74,9
Commercial,Morning,Wednesday,Nature,4398,3,28.13,53.11,2
Silent,Evening,Wednesday,Traffic,8229,2,31.45,45.89,4
Residential,Night,Friday,Traffic,6994,0,25.7,65.18,7
Residential,Night,Friday,Factory,5815,4,24.98,72.25,4
Silent,Evening,Saturday,Nature,5905,3,7.87,31.13,0
Residential,Night,Sunday,Construction,2199,2,42.7,73.44,8
Silent,Night,Sunday,Factory,5413,4,28.99,55.88,3
Silent,Night,Monday,Traffic,7834,6,15.71,53.51,7
Silent,Night,Sunday,Traffic,6362,4,49.88,59.35,5
Residential,Night,Thursday,Traffic,5308,4,49.14,63.18,5
Commercial,Morning,Monday,Nature,8423,2,31.75,66.08,6
Silent,Night,Saturday,Nature,4629,1,21.41,33.33,0
Industrial,Morning,Friday,Factory,3760,1,40.1,84.36,4
Residential,Night,Sunday,Construction,5307,1,20.85,86.92,5
Silent,Evening,Tuesday,Factory,6532,4,17.98,68.36,12
Silent,Afternoon,Friday,People,1564,3,45.18,50.1,1
Industrial,Morning,Thursday,Traffic,5569,4,7.22,83.45,12
Commercial,Night,Friday,Traffic,6620,4,10.21,71.64,8
Commercial,Evening,Thursday,Traffic,4460,2,5.37,72.68,7
Commercial,Afternoon,Thursday,Factory,7213,6,13.41,84.05,7
Silent,Morning,Thursday,Factory,6282,3,8.79,54.91,8
Silent,Afternoon,Saturday,Traffic,9282,1,59.77,58.37,4
Silent,Evening,Thursday,Factory,3498,3,20.88,57.17,1
Residential,Morning,Thursday,Nature,6661,2,13.21,49.94,3
Industrial,Afternoon,Tuesday,Nature,2965,2,18.25,64.99,4
Silent,Night,Monday,Factory,1769,3,56.49,54.28,3
Industrial,Morning,Wednesday,Traffic,928,3,33.61,87.57,9
Industrial,Afternoon,Monday,Factory,6076,3,25.06,83.53,4
Commercial,Evening,Thursday,Factory,5368,3,53.04,75.91,9
Residential,Evening,Tuesday,Factory,4041,6,26.72,76.62,8
Silent,Morning,Friday,People,1452,6,23.43,42.23,0
Commercial,Afternoon,Tuesday,Nature,3619,3,16.4,66.31,4
Commercial,Morning,Thursday,Construction,5008,3,25.78,74.68,6
Silent,Morning,Tuesday,Construction,6586,3,22.42,65.25,10
Industrial,Afternoon,Sunday,People,4966,2,42.25,73.65,14
Commercial,Afternoon,Tuesday,Factory,5504,3,20.93,75.62,10
Industrial,Night,Thursday,People,4247,3,36.75,85.4,8
Residential,Afternoon,Saturday,People,8498,3,8.62,59.35,2
Industrial,Evening,Sunday,Traffic,2963,1,15.52,91.47,14
Residential,Morning,Tuesday,Nature,3601,4,27.41,45.61,0
Industrial,Morning,Wednesday,Construction,4015,1,56.53,91.57,14
Commercial,Evening,Wednesday,Factory,6085,4,25.75,74.91,13
Commercial,Afternoon,Tuesday,Construction,2922,2,41.52,79.45,8
Residential,Evening,Saturday,Construction,5271,2,19.03,79.98,11
Silent,Evening,Friday,Nature,5329,5,11.99,41.72,2
Residential,Night,Thursday,Construction,3611,4,8.22,76.32,9
Residential,Evening,Wednesday,Construction,5659,1,21.8,84.61,12
Industrial,Morning,Friday,People,2984,1,13.67,76.07,9
Industrial,Evening,Tuesday,Nature,2765,5,14.57,75.49,10
Residential,Morning,Friday,Traffic,5199,3,46.84,67.81,3
Commercial,Morning,Sunday,Factory,1680,1,5.87,71.88,4
Industrial,Morning,Monday,Construction,710,1,35.68,104.91,10
Silent,Afternoon,Wednesday,Factory,6065,5,25.87,50.78,4
Industrial,Night,Tuesday,Traffic,7097,4,32.86,89.03,11
Industrial,Morning,Thursday,Factory,4066,4,35.96,92.73,17
Silent,Morning,Saturday,Traffic,3663,1,22.24,53.87,1
Residential,Afternoon,Sunday,People,7011,0,21.23,64.51,8
Silent,Morning,Tuesday,Construction,2708,4,45.34,64.23,8
Residential,Evening,Thursday,Traffic,2273,2,52.92,61.29,4
Residential,Evening,Saturday,Factory,6415,4,15.59,70.66,8
Residential,Night,Saturday,Construction,5018,1,10.37,80.28,8
Silent,Morning,Tuesday,People,7129,1,54.38,48.07,4
Residential,Afternoon,Sunday,Construction,719,4,24.24,75.98,8
Commercial,Evening,Friday,Traffic,2198,2,35.32,74.06,9
Silent,Afternoon,Friday,People,5028,1,24.77,56.84,5
Commercial,Afternoon,Saturday,Factory,5835,1,11.92,78.52,7
Residential,Evening,Friday,People,6693,3,37.41,66.03,9
Industrial,Afternoon,Monday,People,5349,4,33.88,78.9,9
Residential,Evening,Saturday,Nature,5329,2,16.16,47.59,6
Commercial,Afternoon,Saturday,People,4221,2,29.85,88.38,14
Commercial,Evening,Thursday,People,8181,4,48.83,74.7,13
Silent,Morning,Friday,Construction,2793,3,37.47,64.84,5
Industrial,Night,Sunday,Factory,5718,1,10.33,95.98,14
Silent,Evening,Saturday,Construction,3024,1,35.14,69.04,9
Commercial,Evening,Sunday,Construction,6069,3,43.65,85.04,11
Residential,Night,Monday,Traffic,2925,2,48.6,67.08,9
Industrial,Evening,Thursday,Construction,6487,3,39.6,89.71,14
Residential,Evening,Tuesday,Nature,5224,2,13.4,56.92,3
Residential,Afternoon,Sunday,Nature,8489,6,44.06,50.82,5
Industrial,Night,Saturday,Traffic,4437,7,42.25,91.36,14
Silent,Morning,Monday,Factory,5849,4,6.34,44.42,0
Residential,Evening,Wednesday,Factory,3440,2,27.65,73.15,5
Commercial,Night,Monday,Construction,4424,2,23.31,75.79,9
Residential,Afternoon,Monday,Construction,5211,0,41.82,75.62,7
Industrial,Morning,Thursday,Construction,1945,5,16.89,88.47,10
Industrial,Night,Tuesday,Factory,2164,2,37.5,93.17,17
Industrial,Morning,Wednesday,People,6199,4,55.23,82.35,6
Silent,Morning,Friday,Nature,4707,4,48.88,29.15,0
Residential,Morning,Friday,People,3814,4,55.68,69.17,7
Silent,Evening,Sunday,People,3526,5,58.82,38.52,0
Silent,Evening,Monday,Factory,3603,3,5.59,37.84,0
Industrial,Afternoon,Thursday,People,5225,3,39.25,84.57,11
Industrial,Afternoon,Thursday,Traffic,5890,5,27.71,78.17,10
Silent,Night,Friday,Construction,815,4,52.29,55.67,3
Residential,Afternoon,Sunday,Traffic,7825,3,18.85,62.41,8
Commercial,Morning,Sunday,Nature,7683,4,58.96,50.88,2
Silent,Morning,Sunday,Construction,500,3,38.75,59.53,5
Residential,Evening,Wednesday,People,7171,3,48.64,50.97,3
Industrial,Morning,Tuesday,Nature,7110,4,9.71,70.81,8
Industrial,Night,Wednesday,Construction,5000,3,15.09,86.86,15
Residential,Morning,Saturday,People,2405,1,46.71,60.15,6
Commercial,Morning,Saturday,Traffic,7030,3,6.21,80.81,12
Industrial,Night,Tuesday,Construction,4517,2,49.93,100.91,11
Industrial,Afternoon,Friday,People,6097,2,5.77,79.59,10
Industrial,Afternoon,Tuesday,Traffic,9438,4,41.14,82.06,10
Residential,Night,Thursday,Nature,5503,4,25.08,48.8,0
Silent,Evening,Saturday,Nature,3166,1,38.63,29.52,0
Industrial,Morning,Monday,Nature,4328,7,43.28,73.01,9
Silent,Night,Monday,Nature,3421,3,23.84,28.42,0
Commercial,Morning,Friday,Factory,5866,2,10.94,86.04,12
Industrial,Evening,Thursday,Construction,3387,6,8.83,93.17,10
Industrial,Morning,Wednesday,Construction,4054,0,37.39,104.04,9
Commercial,Night,Thursday,Factory,2431,6,33.64,86.53,13
Industrial,Morning,Monday,People,4735,3,45.82,82.83,11
Silent,Afternoon,Monday,People,5353,3,33.04,46.38,2
Residential,Evening,Saturday,Nature,500,5,28.23,44.35,1
Silent,Evening,Thursday,Traffic,5519,5,26.89,54.71,5
Residential,Evening,Thursday,People,4908,2,6.45,56.85,4
Residential,Night,Monday,Traffic,3470,4,23.46,73.84,10
Silent,Evening,Wednesday,Construction,9057,3,58.68,60.0,3
Silent,Afternoon,Friday,Traffic,6916,6,53.05,54.04,1
Silent,Night,Sunday,Construction,2807,1,23.12,64.97,3
Silent,Afternoon,Friday,Factory,6676,3,37.33,52.4,5
Commercial,Morning,Thursday,Factory,7488,5,51.6,76.89,8
Industrial,Morning,Friday,Nature,5264,3,29.27,62.72,10
Residential,Morning,Monday,People,5722,2,5.99,67.24,5
Silent,Morning,Monday,Nature,5676,0,9.1,30.27,1
Silent,Afternoon,Thursday,Construction,828,1,33.07,53.89,4
Silent,Night,Thursday,Nature,4626,4,58.32,39.69,0
Commercial,Night,Sunday,Traffic,4522,6,43.13,75.74,6
Silent,Evening,Sunday,Construction,7860,2,8.9,60.1,9
Silent,Afternoon,Saturday,Factory,5667,4,15.41,50.67,3
Silent,Morning,Thursday,People,4404,1,47.42,33.37,0
Industrial,Afternoon,Wednesday,Construction,4819,1,51.28,88.17,13
Commercial,Evening,Friday,Construction,7046,9,38.97,88.91,9
Silent,Evening,Thursday,Traffic,4630,2,40.44,49.3,4
Residential,Afternoon,Tuesday,People,3603,2,6.56,48.5,0
Residential,Afternoon,Saturday,Factory,4448,3,50.57,66.96,8
Residential,Afternoon,Tuesday,Construction,6881,4,48.36,76.8,13
Commercial,Night,Monday,Construction,5992,2,19.25,84.7,12
Commercial,Morning,Sunday,Traffic,5088,1,43.98,75.53,6
Residential,Afternoon,Friday,Nature,5383,2,16.82,44.55,2
Silent,Afternoon,Thursday,Factory,3880,1,7.22,49.99,1
Commercial,Afternoon,Tuesday,People,4612,0,16.06,71.84,10
Residential,Evening,Friday,Construction,3673,3,14.82,79.19,9
Residential,Evening,Monday,Construction,4410,2,23.58,83.44,9
Silent,Night,Sunday,Factory,7692,6,28.01,51.45,4
Industrial,Morning,Wednesday,Nature,2844,2,32.97,74.83,8
Commercial,Night,Saturday,Construction,3622,2,31.22,82.72,5
Silent,Morning,Friday,Factory,2491,2,19.89,55.13,1
Residential,Evening,Friday,Traffic,2058,6,6.6,71.47,6
Residential,Evening,Wednesday,Nature,4626,1,38.28,45.3,1
Silent,Evening,Friday,People,3764,4,26.77,34.18,1
Commercial,Night,Monday,Construction,8523,4,21.43,91.52,4
Industrial,Afternoon,Monday,Factory,4434,2,52.68,89.74,5
Industrial,Afternoon,Wednesday,Traffic,7578,3,46.07,81.2,7
Residential,Evening,Saturday,People,6936,0,52.18,65.11,7
Commercial,Afternoon,Thursday,Factory,4582,3,32.22,86.13,8
Industrial,Afternoon,Tuesday,Factory,9220,4,12.2,84.44,12
Commercial,Night,Thursday,People,5537,2,43.29,72.11,6
Commercial,Morning,Friday,Traffic,8026,4,16.33,61.61,6
Residential,Evening,Tuesday,Traffic,7793,0,29.27,62.38,6
Industrial,Evening,Wednesday,Nature,5829,2,8.58,66.14,4
Silent,Night,Wednesday,Construction,6502,4,50.39,64.46,7
Residential,Night,Saturday,People,6248,4,11.93,54.63,2
Industrial,Afternoon,Tuesday,People,2711,2,54.67,79.89,16
Industrial,Evening,Monday,People,5114,3,52.53,61.92,5
Industrial,Morning,Tuesday,Traffic,7148,4,30.55,85.79,10
Industrial,Night,Friday,Construction,8052,4,45.94,94.56,12
Industrial,Morning,Monday,Nature,3558,3,39.07,68.44,3
Commercial,Morning,Sunday,Factory,6057,3,49.17,74.53,9
Residential,Evening,Sunday,Factory,5301,3,28.75,73.99,5
Commercial,Evening,Sunday,People,4764,2,48.22,78.26,5
Silent,Night,Wednesday,Construction,5712,3,30.44,57.08,3
Industrial,Evening,Tuesday,Traffic,5435,4,56.75,88.25,8
Residential,Evening,Sunday,Construction,6082,5,31.75,68.65,9
Industrial,Evening,Thursday,Construction,7883,5,30.44,92.62,15
Residential,Morning,Saturday,Traffic,6568,1,48.18,57.34,3
Commercial,Night,Thursday,People,5621,5,50.19,75.94,7
Residential,Afternoon,Sunday,Construction,8729,4,35.5,75.8,6
Silent,Morning,Saturday,Factory,7219,2,14.89,46.9,3
Silent,Evening,Friday,Traffic,4815,2,30.73,43.99,3
Residential,Morning,Thursday,Nature,2565,1,58.24,52.31,3
Residential,Evening,Tuesday,People,3024,3,46.41,62.62,3
Residential,Evening,Tuesday,Traffic,6866,5,49.61,74.4,7
Residential,Morning,Thursday,Nature,3739,1,6.81,51.33,4
Silent,Night,Sunday,Nature,2983,2,30.73,31.18,0
Industrial,Evening,Tuesday,Construction,3483,3,40.56,98.19,14
Residential,Night,Friday,Construction,3625,3,50.65,83.92,9
Residential,Afternoon,Monday,Construction,6701,3,7.71,64.89,12
Silent,Evening,Sunday,Traffic,4686,3,51.88,47.23,6
Silent,Night,Friday,Traffic,2255,5,35.16,51.05,6
Commercial,Night,Saturday,People,5062,4,15.85,72.77,7
Residential,Afternoon,Friday,Construction,5444,3,22.45,70.27,7
Commercial,Night,Sunday,Nature,4041,5,20.51,63.1,2
Silent,Night,Saturday,Factory,7311,4,34.2,62.89,7
Silent,Afternoon,Sunday,People,4158,1,7.84,42.51,2
Industrial,Evening,Tuesday,Traffic,7216,3,13.72,86.07,11
Residential,Night,Monday,People,6193,3,49.7,62.95,4
Commercial,Night,Sunday,People,6853,1,12.29,70.65,4
Silent,Night,Sunday,People,2802,5,17.84,52.71,4
Silent,Morning,Tuesday,People,5196,3,29.94,57.13,1
Commercial,Afternoon,Wednesday,Factory,4894,2,33.44,73.54,10
Industrial,Morning,Tuesday,Construction,2155,3,47.0,86.75,5
Silent,Afternoon,Saturday,Nature,7210,3,29.6,34.86,0
Residential,Evening,Tuesday,People,3365,3,48.44,51.57,2
Silent,Evening,Tuesday,People,3780,1,39.01,40.49,1
Residential,Night,Monday,People,2973,5,11.22,47.75,0
Commercial,Afternoon,Tuesday,Construction,6402,1,13.6,83.09,11
Residential,Evening,Sunday,Traffic,1948,4,29.04,66.84,6
Commercial,Afternoon,Monday,Traffic,6235,2,26.83,72.41,11
Residential,Evening,Thursday,Factory,7089,3,45.89,76.95,11
Commercial,Morning,Wednesday,Traffic,6074,4,36.94,79.58,11
Residential,Evening,Monday,People,6425,3,26.35,67.64,7
Industrial,Morning,Saturday,People,6519,8,14.39,78.23,7
Residential,Evening,Thursday,People,3101,2,17.48,63.92,5
Residential,Night,Monday,Factory,7869,2,36.65,74.54,8
Industrial,Morning,Monday,People,4079,1,28.29,81.04,12
Silent,Evening,Wednesday,Traffic,4867,1,33.32,49.66,1
Silent,Night,Sunday,Construction,4334,5,14.39,46.68,3
Residential,Morning,Saturday,Construction,5983,2,41.46,78.19,11
Industrial,Night,Friday,Nature,3923,0,51.89,75.77,6
Residential,Afternoon,Friday,Traffic,5133,2,19.19,59.37,10
Commercial,Afternoon,Monday,People,2529,5,32.03,67.95,6
Commercial,Morning,Tuesday,Construction,7329,4,58.65,91.96,10
Residential,Evening,Saturday,Traffic,6341,4,23.33,65.2,3
Silent,Morning,Thursday,Construction,4415,4,37.73,65.97,7
Silent,Night,Tuesday,People,4061,4,9.96,47.3,2
Residential,Evening,Tuesday,Construction,6289,1,38.33,74.37,8
Residential,Afternoon,Saturday,Nature,3585,3,9.93,56.25,5
Commercial,Evening,Sunday,Nature,5250,1,57.76,55.33,3
Silent,Afternoon,Monday,Construction,7322,4,44.36,56.38,7
Residential,Evening,Monday,Traffic,3377,4,48.35,58.52,3
Commercial,Evening,Monday,Traffic,5737,3,43.73,67.29,6
Silent,Evening,Monday,Traffic,5631,3,37.44,50.77,2
Industrial,Night,Friday,Construction,4805,3,29.75,95.44,13
Commercial,Night,Monday,Traffic,3992,4,52.21,75.44,9
Silent,Morning,Friday,People,7429,2,57.63,38.33,1
Silent,Morning,Friday,Nature,3804,3,32.45,27.39,0
Commercial,Afternoon,Sunday,People,1375,4,56.23,70.26,6
Industrial,Night,Monday,Traffic,6281,5,37.08,92.35,8
Commercial,Afternoon,Wednesday,People,2597,2,34.61,69.89,11
Silent,Morning,Thursday,Traffic,6383,2,30.0,45.05,2
Residential,Afternoon,Tuesday,Construction,7669,1,16.51,65.55,13
Residential,Morning,Friday,People,6259,2,5.2,56.76,5
Commercial,Night,Saturday,Construction,7142,4,18.28,82.79,13
Silent,Evening,Saturday,Construction,9040,2,33.03,46.21,0
Residential,Night,Thursday,Factory,6933,2,25.9,66.93,7
Silent,Afternoon,Saturday,Traffic,5661,4,29.67,44.31,1
Commercial,Afternoon,Wednesday,Nature,8267,3,58.94,56.71,5
Residential,Night,Saturday,Traffic,8509,4,24.26,66.73,3
Silent,Night,Tuesday,Nature,8537,1,29.87,29.95,0
Residential,Morning,Tuesday,Traffic,4015,3,12.34,67.53,9
Commercial,Afternoon,Friday,Construction,2291,6,7.64,85.62,6
Silent,Afternoon,Monday,People,3893,3,47.65,41.15,1
Residential,Night,Sunday,People,6407,1,36.39,66.22,8
Commercial,Evening,Wednesday,Factory,5318,3,46.84,82.81,5
Residential,Afternoon,Friday,Nature,4587,6,13.24,44.73,1
Residential,Evening,Wednesday,Nature,6120,4,36.45,51.84,2
Industrial,Night,Monday,Nature,2058,4,18.95,77.45,3
Industrial,Night,Saturday,Construction,5282,1,17.54,103.29,19
Commercial,Morning,Saturday,Nature,7236,5,5.63,59.85,5
Industrial,Afternoon,Sunday,People,6098,0,12.17,76.83,6
Commercial,Evening,Monday,Construction,6383,5,22.01,89.11,17
Industrial,Morning,Friday,Traffic,8194,2,11.43,89.04,11
Residential,Afternoon,Sunday,Nature,4867,0,59.22,50.58,3
Commercial,Morning,Monday,Nature,3693,3,21.97,59.14,7
Commercial,Night,Thursday,Traffic,7379,6,12.17,75.75,5
Residential,Afternoon,Tuesday,Nature,7342,3,15.95,41.32,3
Commercial,Morning,Sunday,Traffic,6116,2,37.32,76.13,2
Commercial,Morning,Sunday,Construction,4679,2,8.52,83.61,7
Industrial,Evening,Friday,People,5002,2,52.43,78.63,9
Commercial,Morning,Wednesday,Traffic,2446,3,57.88,82.17,9
Silent,Afternoon,Thursday,Factory,7225,7,18.57,61.76,6
Residential,Afternoon,Friday,Traffic,7155,0,29.76,56.53,3
Industrial,Evening,Monday,Nature,2376,3,6.22,64.58,5
Industrial,Afternoon,Monday,Construction,6735,3,40.24,95.18,8
Silent,Night,Monday,Construction,5808,4,27.77,59.8,3
Residential,Afternoon,Monday,Traffic,2956,3,19.85,68.59,7
Residential,Afternoon,Wednesday,People,2587,3,16.38,55.78,4
Industrial,Morning,Thursday,Factory,5746,3,40.97,94.79,10
Commercial,Morning,Saturday,Construction,4204,3,27.89,86.78,11
Industrial,Afternoon,Tuesday,Nature,8639,7,14.88,70.3,7
Residential,Evening,Wednesday,Nature,6905,2,42.9,51.93,7
Silent,Morning,Wednesday,People,5947,2,36.08,42.91,3
Industrial,Evening,Saturday,Construction,6046,3,52.23,86.85,10
Residential,Afternoon,Saturday,Traffic,7661,3,11.46,67.06,7
Industrial,Afternoon,Tuesday,Nature,6693,4,48.21,66.4,6
Commercial,Night,Tuesday,People,5999,2,42.04,67.23,7
Industrial,Morning,Saturday,Construction,3039,3,11.33,98.49,12
Industrial,Afternoon,Monday,Construction,11123,3,43.22,100.35,10
Residential,Night,Wednesday,Construction,2793,3,29.29,90.19,5
Residential,Morning,Friday,Construction,4374,2,56.97,81.17,6
Residential,Afternoon,Tuesday,Construction,1690,3,12.79,71.78,7
Industrial,Afternoon,Tuesday,Nature,6077,1,40.36,63.47,4
Commercial,Morning,Saturday,People,5302,5,26.01,67.53,4
Silent,Morning,Thursday,Construction,6530,4,57.62,58.67,3
Silent,Morning,Friday,Factory,1521,3,23.15,55.54,4
Residential,Afternoon,Friday,Factory,7225,4,57.92,64.31,10
Residential,Afternoon,Tuesday,People,3385,3,54.58,65.24,5
Industrial,Night,Monday,Traffic,4701,3,19.87,87.46,9
Silent,Evening,Thursday,Traffic,6863,4,49.19,50.66,0
Residential,Morning,Friday,Traffic,5522,3,59.76,59.28,2
Commercial,Afternoon,Tuesday,Factory,5663,4,18.9,79.23,7
Commercial,Afternoon,Friday,Traffic,6598,2,29.02,79.5,9
Residential,Morning,Sunday,Nature,5857,5,33.61,47.7,4
Residential,Evening,Thursday,Construction,4317,4,21.22,72.56,11
Silent,Morning,Thursday,Factory,4667,2,5.84,60.56,7
Silent,Evening,Sunday,People,5423,3,17.11,42.15,4
Industrial,Afternoon,Wednesday,People,3208,4,20.51,80.83,10
Silent,Evening,Sunday,Construction,6992,4,29.4,65.38,4
Commercial,Night,Saturday,Factory,5577,4,14.41,75.63,1
Commercial,Afternoon,Saturday,Traffic,5149,5,53.03,80.72,5
Residential,Night,Tuesday,Traffic,7384,2,43.77,61.32,3
Silent,Morning,Thursday,Nature,4759,3,9.69,29.39,1
Industrial,Morning,Wednesday,Nature,4635,3,40.76,71.02,13
Commercial,Morning,Wednesday,Traffic,4030,3,40.95,77.54,11
Commercial,Evening,Friday,People,5686,2,57.59,72.07,7
Industrial,Afternoon,Friday,People,5616,3,5.17,76.16,11
Industrial,Morning,Sunday,Nature,3667,2,18.64,68.5,3
Commercial,Morning,Wednesday,Construction,4644,6,56.03,72.66,4
Commercial,Afternoon,Sunday,Traffic,3680,4,56.27,74.09,7
Industrial,Morning,Sunday,Nature,3590,2,44.63,74.49,10
Commercial,Night,Friday,Nature,1540,1,47.12,54.17,4
Residential,Afternoon,Thursday,Traffic,4538,4,10.03,64.97,7
Residential,Afternoon,Sunday,Traffic,1595,4,33.26,60.63,1
Industrial,Afternoon,Monday,People,4074,2,17.74,74.44,6
Silent,Night,Thursday,Construction,3774,6,14.97,47.74,1
Industrial,Afternoon,Wednesday,Construction,7103,3,49.57,89.1,10
Industrial,Night,Wednesday,Traffic,2970,0,12.43,83.79,14
Silent,Afternoon,Sunday,Factory,3477,3,30.78,58.75,5
Silent,Evening,Thursday,Nature,4236,1,56.62,25.39,0
Silent,Morning,Friday,Nature,3839,2,15.22,38.47,0
Residential,Evening,Friday,Traffic,7738,3,58.79,66.1,11
Commercial,Morning,Saturday,Factory,2722,2,59.69,88.36,11
Residential,Night,Wednesday,People,4241,3,35.56,62.86,3
Commercial,Evening,Tuesday,Traffic,5664,3,14.36,76.14,10
Residential,Afternoon,Saturday,Traffic,6762,2,22.39,66.5,11
Commercial,Morning,Friday,Nature,4239,5,28.35,53.38,2
Residential,Morning,Thursday,Traffic,1163,1,22.01,62.14,5
Silent,Evening,Friday,Traffic,4699,3,20.43,55.58,5
Industrial,Night,Thursday,Traffic,7704,3,58.47,77.75,13
Residential,Evening,Saturday,Nature,5564,3,13.44,46.59,2
Commercial,Night,Wednesday,People,5472,4,45.33,61.35,8
Silent,Night,Friday,People,2873,4,5.02,48.17,0
Residential,Morning,Sunday,Traffic,2668,1,37.79,64.89,5
Residential,Evening,Thursday,Nature,5036,4,55.38,51.13,0
Silent,Evening,Wednesday,People,2147,2,20.84,44.46,1
Residential,Night,Tuesday,People,6562,1,15.2,50.27,4
Industrial,Evening,Thursday,People,3306,3,40.84,74.5,10
Residential,Afternoon,Saturday,Nature,4950,4,44.19,51.97,2
Industrial,Afternoon,Tuesday,Nature,1228,0,42.84,68.14,4
Industrial,Evening,Tuesday,Traffic,4212,4,22.56,80.34,11
Silent,Evening,Monday,Construction,2628,3,18.87,62.69,6
Residential,Night,Friday,People,500,4,57.58,66.8,7
Silent,Afternoon,Thursday,Construction,6083,0,55.78,70.99,4
Residential,Afternoon,Tuesday,Nature,8282,2,30.15,48.42,4
Residential,Morning,Monday,Nature,7258,6,51.54,46.79,3
Commercial,Night,Saturday,Nature,6363,4,29.88,65.09,8
Residential,Morning,Wednesday,Construction,4171,4,28.34,74.2,6
Silent,Afternoon,Sunday,Nature,6611,2,13.62,30.36,0
Industrial,Night,Sunday,Traffic,7447,1,28.45,81.99,11
Residential,Evening,Thursday,Nature,5273,2,34.56,60.26,9
Commercial,Night,Tuesday,Factory,2631,3,6.24,81.52,5
Silent,Evening,Sunday,Construction,4001,2,29.43,62.04,3
Residential,Evening,Friday,Factory,8405,4,47.97,76.04,4
Silent,Night,Sunday,Nature,4850,3,42.4,41.51,3
Commercial,Evening,Sunday,Traffic,500,3,39.93,67.34,7
Commercial,Morning,Sunday,People,2062,1,55.03,72.44,5
Silent,Afternoon,Monday,Nature,4151,3,5.99,42.07,2
Residential,Evening,Tuesday,Traffic,7071,4,35.64,66.26,4
Industrial,Morning,Friday,Construction,4453,3,48.3,92.02,19
Commercial,Evening,Tuesday,Factory,7108,2,34.77,84.73,11
Residential,Afternoon,Thursday,Factory,3947,2,22.81,69.9,5
Residential,Morning,Thursday,Factory,1071,4,12.49,67.11,2
Industrial,Afternoon,Thursday,Construction,4016,1,53.82,89.35,12
Commercial,Afternoon,Saturday,Traffic,5689,4,30.89,76.52,12
Commercial,Morning,Sunday,Construction,5523,1,53.3,82.47,14
Residential,Morning,Saturday,Factory,2489,2,37.22,63.94,6
Residential,Morning,Monday,Nature,4297,1,42.08,53.77,4
Industrial,Night,Thursday,People,10369,1,49.23,78.67,10
Industrial,Morning,Friday,Construction,2533,2,41.25,99.89,19
Commercial,Morning,Tuesday,Construction,6321,4,26.89,78.85,7
Silent,Morning,Sunday,Traffic,806,3,33.25,52.75,5
Commercial,Morning,Wednesday,Traffic,6727,4,49.17,69.7,6
Residential,Evening,Friday,Construction,3215,2,25.55,69.92,7
Commercial,Night,Sunday,Factory,5804,3,26.35,80.47,6
Silent,Afternoon,Saturday,People,2416,5,10.26,49.81,4
Industrial,Morning,Saturday,Traffic,5581,5,55.3,83.18,6
Silent,Evening,Friday,Factory,3182,3,10.01,68.01,5
Silent,Evening,Saturday,Nature,3569,4,40.65,24.69,0
Silent,Evening,Thursday,Traffic,5883,4,27.73,40.27,1
Industrial,Afternoon,Monday,Factory,4139,3,27.31,96.62,9
Silent,Morning,Tuesday,Factory,5760,2,42.38,62.88,5
Silent,Night,Monday,People,4618,3,8.69,38.68,1
Silent,Night,Sunday,People,5134,3,37.65,45.34,5
Residential,Evening,Tuesday,Nature,5890,5,47.46,55.56,6
Silent,Afternoon,Tuesday,Factory,4299,3,50.55,51.85,4
Industrial,Afternoon,Monday,Factory,3007,2,14.38,92.75,9
Silent,Afternoon,Friday,People,3935,4,54.36,43.05,2
Silent,Night,Tuesday,Traffic,7390,4,41.09,44.59,3
Industrial,Evening,Monday,Traffic,5232,1,53.5,83.28,9
Silent,Morning,Tuesday,Construction,3310,5,31.69,60.06,6
Industrial,Night,Wednesday,People,5803,2,34.81,78.52,2
Silent,Evening,Friday,Construction,5936,1,55.55,51.35,8
Industrial,Evening,Thursday,People,6039,2,54.5,85.77,9
Silent,Morning,Tuesday,Nature,3044,5,29.65,37.65,1
Silent,Morning,Wednesday,Factory,3635,4,20.09,49.72,3
Residential,Morning,Thursday,Nature,3646,5,26.62,61.0,4
Residential,Afternoon,Thursday,People,4278,4,26.33,60.27,5
Silent,Morning,Sunday,Factory,6077,1,20.78,53.59,6
Silent,Evening,Tuesday,Traffic,5592,2,19.77,51.21,4
Commercial,Morning,Monday,Traffic,5750,1,52.36,84.42,12
